Sants 2.0;397
CAIM;225
Deus Sive Natura;157
Corredores Populares;156
Janelas Athletic;106
Runners 4life;84
Los Pitufos;66
Mecha Dorada;48
FBI;45
boktorense;39
GUSIMEDIA ATLETISMO CLUB;37
AtleChana;32
Cul club;30
Indomables;29
Ath.Pucelana;27
US ATLETICA VEDANO;26
Olimpia Bilbao;26
Lyon AC;23
C.A.GANDIA;17
Lupus in fabula Track & Field;16
LOS MANTAS;16
Almería Athletics;15
Robur Bomber;15
Labaro;15
Guanacos;14
Dalmaria Athletics;13
turigtians;12
ATLETISMO CASTELLONENSE;12
Club de Atletismo Los Castaños;12
Club Atletismo Huelva;11
Hacksaws;11
Atletismo Prestige;10
LEONARD ATLETISMO;9
laurezque;8
Squadra Rossa;8
Brianza Team;8
Cartoons TGN;7
Elan Demars;7
Zorros Run;6
Club Atletisme Barcelona;6
Quemerford Harriers;6
Besaid Aurochs AT;6
GatPact;6
SLG Hakenfelde;6
Ste-Gemmes;6
Munich Running Club;5
Atletismo Sanse 2021;4
Esperanto CA;4
Txuario;4
CA París;4
Prairie State Track Club;4
Ortiz de Zuñiga;3
Club Verde;3
deporama;3
Helmets;3
Dalt Vila;2
maml AC;1
Baetulo Athletarum;1
