Black Sheep;65
Ragnar;31
Guanacos;27
SomeTeam;24
Deportivo Huitzilopochtli;24
Boston Bandits;22
Showtime;22
Kenya Runners;16
comedians;16
Red Panda;16
GatPact;16
KS Miszcze;15
Atletica Gradoli;15
Caledonian;15
Poissy AC;15
STV Silberklinge;15
Bakelse Atletiek Club;14
TSV Verne 08/15;14
San Benedetto dei Marsi;13
Highfield;13
ACADEMY;8
Taz Ciclone Atletica;8
Batafieu Olympique;8
Goose Hollow RC;8
Domstad Athletics;8
Ukon Vasara;8
AK Black Dogs České Budějovice;8
AC Bert;8
FC eversel;8
ATLETICO LEBOWSKI II;8
LEONARD ATLETISMO;8
Club Atletismo Moli;7
Pietro's Athletes;7
Roqath;7
Los Mejores Run;7
DEFENSORES DE VGG;7
Benjamin;7
Gold Fires Athletics Team;7
TIP Sylvarov;6
DMGTO Athletics;6
Slizgacze;6
C.A. Athleo Cieza;6
Metropolitan AC;6
PREZESICZKI;5
Canyadó Atletisme;5
